1,Civil y Comercial 1 	
1,Civil y Comercial 2	
1,Civil y Comercial 3	
1,Civil y Comercial 4	
1,Civil y Comercial 5 	
1,Civil y Comercial 6	
1,Civil y Comercial 7 	
1,Civil y Comercial 8	
1,Cámara Contenciosa Administrativa  Sala 1	
1,Cámara Contenciosa Administrativa  Sala 2	
1,Cámara Contenciosa Administrativa  Sala 3	
1,Documentos y Locaciones 1	
1,Documentos y Locaciones 2	
1,Documentos y Locaciones 3	
1,Documentos y Locaciones 4	
1,Documentos y Locaciones 5	
1,Documentos y Locaciones 6	
1,Documentos y Locaciones 7	
1,Documentos y Locaciones 8	
1,Familia y Sucesión 1	
1,Familia y Sucesión 2	
1,Familia y Sucesión 3	
1,Familia y Sucesión 4	
1,Familia y Sucesión 5	
1,Familia y Sucesión 6	
1,Familia y Sucesión 7	
1,Familia y Sucesión 8	
